{
 "step": [
  0,
  100,
  200,
  300,
  400,
  500,
  600,
  700,
  800,
  900,
  1000,
  1100,
  1200,
  1300,
  1400,
  1500,
  1600,
  1700,
  1800,
  1900,
  2000,
  2100,
  2200,
  2300,
  2400,
  2500,
  2600,
  2700,
  2800,
  2900,
  2999
 ],
 "regret": [
  37.70402,
  9.92295,
  1.12416,
  1.09415,
  1.01663,
  0.90483,
  0.74387,
  0.59068,
  0.486,
  0.40391,
  0.38031,
  0.31885,
  0.31423,
  0.29965,
  0.32164,
  0.28988,
  0.31246,
  0.30175,
  0.28446,
  0.29081,
  0.32698,
  0.32592,
  0.30634,
  0.33311,
  0.31304,
  0.31905,
  0.30906,
  0.30863,
  0.33392,
  0.33747,
  0.33268
 ],
 "spread": [
  0.13623,
  0.1157,
  0.08177,
  0.06813,
  0.06795,
  0.07286,
  0.0922,
  0.11035,
  0.14108,
  0.18771,
  0.24561,
  0.30702,
  0.40325,
  0.47273,
  0.55163,
  0.60654,
  0.67505,
  0.71119,
  0.74604,
  0.78815,
  0.79421,
  0.81117,
  0.8166,
  0.83791,
  0.82958,
  0.83342,
  0.84803,
  0.83861,
  0.8515,
  0.852,
  0.8444
 ]
}